PACK_ID,HITS
77,2640.0
1735,1865.5099999999998
1587,2936.0
1563,1988.0
426,3199.0
801,3073.0
1424,2478.0
404,1517.0
90,1075.0
1856,1699.1
1434,1865.5099999999998
1768,1332.0
179,2063.0
29,1178.0
352,1865.5099999999998
74,1299.0
1576,798.0
150,1699.1
1705,1699.0
544,1699.0
